Workbook
Name Competencies: #REF!
Name Department: 'صفحة الغلاف'!$AO$6:$AO$11

Sheet صفحة الغلاف
AN1: الإدارة | AO1: الفئة الوظيفية | AQ1: الدولة | AR1: الشركة
A2: نموذج إدارة الأداء | AR2: كرم القابضة
AN3: مكتب الرئيس التنفيذي | AQ3: مصر | AR3: الكرم للمباني
I4: تاريخ المراجعة | J4: من | L4: إلى | AN4: الخدمات اللوجستية | AQ4: المملكة المتحدة | AR4: الكرم لبيع وتوزيع الكهرباء
AN5: المالية | AQ5: هولندا | AR5: سهل حشيش للطاقة الشمسية
C6: اسم الموظف | I6: المدير المباشر | AN6: الموارد البشرية والشؤون الإدارية | AQ6: قبرص | AR6: المريخ للكهرباء والتوزيع
AN7: توليد الطاقة | AQ7: تونس | AR7: زحل
C8: المسمى الوظيفي | I8: المسمى الوظيفي | AN8: مكتب التشغيل والصيانة | AQ8: الإمارات | AR8: عطارد لبيع وتوزيع الكهرباء
AN9: تطوير الأعمال | AR9: الزهرة لبيع وتوزيع الكهرباء
C10: الإدارة | I10: تاريخ التعيين | AN10: الاستثمار | AR10: أندروميدا للطاقة الشمسية
AN11: الإنشاءات | AR11: المشتري لبيع وتوزيع الكهرباء
C12: المدير الأعلى | I12: الشركة | AN12: الإدارة العامة | AR12: الكرم للمياه
AN13: التوزيع | AR13: الكرم للمباني
C14: الدولة | AN14: كرم للمباني - كال | AO14: الإدارة العليا | AR14: الكرم لشحن المركبات الكهربائية
AN15: المشتريات | AO15: الإدارة الوسطى | AR15: الكيان البريطاني
D16: الفئة الوظيفية | H16: الإدارة الوسطى | AN16: المكتب الفني | AO16: الموظفون | AR16: الكيان الهولندي
AN17: الالتزام | AO17: العمالة الفنية - فنيون | AR17: سارابيس للطاقة
AN18: التحول الرقمي | AR18: ساند
AN19: الشؤون القانونية
AN20: العمليات
AN21: الصحة والسلامة والبيئة
AN22: ساند

Sheet تحديد الأهداف
A1: تحديد الأهداف الرئيسية
AQ2: المهارة الرئيسية | AR2: المهارة الوظيفية | AS2: المهارة الرئيسية | AT2: المهارة الوظيفية | AV2: الفئة الوظيفية | AW2: هدف الالتزام | AX2: المقياس
A3: يحدد هذا القسم الأهداف والالتزامات للاثنى عشر شهرًا القادمة، وينبغي أن يحتفظ المدير والموظف بنسخة من هذه الصفحة للرجوع إليها على مدار العام. | AP3: الإدارة العليا | AQ3: الدقة والاهتمام بالتفاصيل | AR3: Contribution to Other Functions Development | AS3: الدقة والاهتمام بالتفاصيل | AT3: المساهمة فى تطوير الإدارات الأخرى | AV3: الإدارة العليا | AW3: استكمال السياسات الوظيفية لجميع الإدارات وإغلاق إجراءات تدقيق الالتزام | AX3: الرد على السياسات واستكمالها خلال أسبوعين من الاستلام؛ وإغلاق 95% من إجراءات تدقيق الالتزام
AP4: الإدارة العليا | AQ4: الالتزام بالنظم والقوانين | AR4: Strategic Thinking & Decision Making | AS4: الالتزام بالنظم والقوانين | AT4: التخطيط الاستراتيجى واتخاذ القرار | AV4: الإدارة الوسطى | AW4: التدريب والتوعية وتنفيذ أنظمة وسياسات الالتزام التي تم إطلاقها | AX4: اجتياز اختبارات التدريب بدرجة ≥ 85%؛ وعدم وجود أي انتهاكات للسياسات
A5: م | C5: الهدف / الأهداف | J5: المقياس | L5: الوزن النسبي | M5: تاريخ الاستحقاق | AP5: الإدارة العليا | AQ5: التطوير الشخصى | AR5: Budgeting & Forcasting | AS5: التطوير الشخصى | AT5: التخطيط والموازنة | AV5: الموظفون | AW5: حضور جميع التدريبات والإبلاغ عن الأحداث | AX5: اجتياز اختبارات التدريب بدرجة ≥ 75%؛ والإبلاغ عن 3 أحداث/مخالفات شهريًا
A6: 1 | C6: xx | J6: xx | L6: 0.2 | AP6: الإدارة العليا | AQ6: الاهتمام بالنتائج | AS6: الاهتمام بالنتائج | AV6: العمالة الفنية - فنيون | AW6: حضور جميع التدريبات والإبلاغ عن الأحداث | AX6: اجتياز اختبارات التدريب بدرجة ≥ 75%؛ والإبلاغ عن 3 أحداث/مخالفات شهريًا
A7: 2 | C7: xx | J7: xx | L7: 0.2 | AP7: الإدارة العليا | AQ7: المهارات الفنية | AS7: المهارات الفنية
A8: 3 | L8: 0.2 | AP8: الإدارة الوسطى | AQ8: الدقة والاهتمام بالتفاصيل | AR8: Analysis & Pattern Recognition | AS8: الدقة والاهتمام بالتفاصيل | AT8: التحليل والتعرف على الأنماط | AV8: الفئة الوظيفية | AW8: هدف الصحة والسلامة والبيئة | AX8: المقاييس
A9: 4 | L9: 0.2 | AP9: الإدارة الوسطى | AQ9: الالتزام بالنظم والقوانين | AR9: Delegation & People Management & Development | AS9: الالتزام بالنظم والقوانين | AT9: تطوير وتفويض وتحفيز العاملين | AV9: الإدارة العليا | AW9: ضمان التزام القيادة بالامتثال لمتطلبات الصحة والسلامة والبيئة والحوكمة والقيادة الظاهرة للسلامة. | AX9: • حضور 100% من تدريبات الصحة والسلامة والبيئة• حضور 100% من اجتماعات الصحة والسلامة والبيئة• إتمام 4 ملاحظات سلامة• إجراء جولتي سلامة إدارية• عدم وجود أي إنذارات شفهية أو كتابية
A10: 5 | L10: 0.05 | AP10: الإدارة الوسطى | AQ10: التطوير الشخصى | AR10: Leadership | AS10: التطوير الشخصى | AT10: القدرات القيادية | AV10: الإدارة الوسطى | AW10: ضمان التنفيذ والمتابعة والتطبيق الفعال لأنظمة وسياسات الصحة والسلامة والبيئة داخل الفرق. | AX10: • حضور 100% من تدريبات الصحة والسلامة والبيئة• حضور 100% من اجتماعات الصحة والسلامة والبيئة• إتمام 4 ملاحظات سلامة• إجراء جولتي سلامة إدارية• إغلاق 100% من إجراءات التدقيق الحرجة و80% من الإجراءات الأخرى• عدم وجود أي إنذارات شفهية أو كتابية
A11: 6 | C11: {=_xlfn.IFS(B20="الإدارة العليا","ضمان التزام القيادة بالامتثال لمتطلبات الصحة والسلامة والبيئة والحوكمة والقيادة الظاهرة للسلامة.",B20="الإدارة الوسطى","ضمان التنفيذ والمتابعة والتطبيق الفعال لأنظمة وسياسات الصحة والسلامة والبيئة داخل الفرق.",B20="الموظفون","الامتثال لمتطلبات الصحة والسلامة والبيئة والمساهمة الفعالة في بيئة عمل آمنة وملتزمة.",B20="العمالة الفنية - فنيون","الالتزام بإجراءات الصحة والسلامة والبيئة والمشاركة الفعالة في الحفاظ على بيئة عمل آمنة.")} -> ضمان التنفيذ والمتابعة والتطبيق الفعال لأنظمة وسياسات الصحة والسلامة والبيئة داخل الفرق. | J11: {=_xlfn.IFS(B20="الإدارة العليا","حضور 100% من تدريبات الصحة والسلامة والبيئة؛ وحضور 100% من الاجتماعات؛ و4 ملاحظات سلامة؛ وجولتا سلامة إدارية؛ وعدم وجود أي إنذارات",B20="الإدارة الوسطى","حضور 100% من التدريبات؛ و100% من الاجتماعات؛ و4 ملاحظات سلامة؛ وجولتا سلامة إدارية؛ وإغلاق 100% من إجراءات التدقيق الحرجة و80% من الأخرى؛ وعدم وجود أي إنذارات",B20="الموظفون","حضور 100% من التدريبات؛ و100% من الاجتماعات؛ و12 ملاحظة سلامة؛ وإغلاق 100% من إجراءات التدقيق الحرجة و80% من الأخرى؛ وعدم وجود أي إنذارات",B20="العمالة الفنية - فنيون","حضور 100% من التدريبات؛ و100% من الاجتماعات؛ و12 ملاحظة سلامة؛ وعدم وجود أي إنذارات")} -> حضور 100% من التدريبات؛ و100% من الاجتماعات؛ و4 ملاحظات سلامة؛ وجولتا سلامة إدارية؛ وإغلاق 100% من إجراءات التدقيق الحرجة و80% من الأخرى؛ وعدم وجود أي إنذارات | L11: 0.1 | M11: 46387 | AP11: الإدارة الوسطى | AQ11: الاهتمام بالنتائج | AS11: الاهتمام بالنتائج | AV11: الموظفون | AW11: الامتثال لمتطلبات الصحة والسلامة والبيئة والمساهمة الفعالة في بيئة عمل آمنة وملتزمة. | AX11: • حضور 100% من تدريبات الصحة والسلامة والبيئة• حضور 100% من اجتماعات الصحة والسلامة والبيئة• تقديم 12 ملاحظة سلامة• إغلاق 100% من إجراءات التدقيق الحرجة و80% من الإجراءات الأخرى المسندة• عدم وجود أي إنذارات شفهية أو كتابية
A12: 7 | C12: {=_xlfn.IFS(B20="الإدارة العليا","استكمال السياسات الوظيفية لجميع الإدارات وإغلاق إجراءات تدقيق الالتزام",B20="الإدارة الوسطى","التدريب والتوعية وتنفيذ أنظمة وسياسات الالتزام التي تم إطلاقها",OR(B20="الموظفون",B20="العمالة الفنية - فنيون"),"حضور جميع التدريبات والإبلاغ عن الأحداث")} -> التدريب والتوعية وتنفيذ أنظمة وسياسات الالتزام التي تم إطلاقها | J12: {=_xlfn.IFS(B20="الإدارة العليا","الرد على السياسات واستكمالها خلال أسبوعين من الاستلام؛ وإغلاق 95% من إجراءات تدقيق الالتزام",B20="الإدارة الوسطى","اجتياز اختبارات التدريب بدرجة ≥ 85%؛ وعدم وجود أي انتهاكات للسياسات",OR(B20="الموظفون",B20="العمالة الفنية - فنيون"),"اجتياز اختبارات التدريب بدرجة ≥ 75%؛ والإبلاغ عن 3 أحداث/مخالفات شهريًا")} -> اجتياز اختبارات التدريب بدرجة ≥ 85%؛ وعدم وجود أي انتهاكات للسياسات | L12: =IF(B20="الإدارة العليا",10%,5%) -> 0.05 | M12: 46387 | AP12: الإدارة الوسطى | AQ12: المهارات الفنية | AS12: المهارات الفنية | AV12: العمالة الفنية | AW12: الالتزام بإجراءات الصحة والسلامة والبيئة والمشاركة الفعالة في الحفاظ على بيئة عمل آمنة. | AX12: • حضور 100% من تدريبات الصحة والسلامة والبيئة• حضور 100% من اجتماعات الصحة والسلامة والبيئة• تقديم 12 ملاحظة سلامة• عدم وجود أي إنذارات شفهية أو كتابية
A13: إجمالي الأوزان | L13: =SUM(L6:L12) -> 1 | M13: =IF(OR(L13=0,L13=100%),"","خطأ") | AP13: الموظفون | AQ13: الدقة والاهتمام بالتفاصيل | AR13: Creativity & Innovation | AS13: الدقة والاهتمام بالتفاصيل | AT13: القدرة على الإبداع والابتكار
AP14: الموظفون | AQ14: الالتزام بالنظم والقوانين | AR14: Problem Solving | AS14: الالتزام بالنظم والقوانين | AT14: القدرة على حل المشاكل
A15: تاريخ آخر مراجعة | I15: درجة أهداف المراجعة السابقة | AP15: الموظفون | AQ15: التطوير الشخصى | AR15: Initiative | AS15: التطوير الشخصى | AT15: المبادرة
A16: تعريف مقياس المهارات | D16: مبتدئ | G16: في طور التطور | I16: كفء | K16: متقدم | L16: خبير | AP16: الموظفون | AQ16: الاهتمام بالنتائج | AS16: الاهتمام بالنتائج
D17: 1 | G17: 2 | I17: 3 | K17: 4 | L17: 5 | AP17: الموظفون | AQ17: المهارات الفنية | AS17: المهارات الفنية
AP18: العمالة الفنية - قائد | AQ18: الدقة والاهتمام بالتفاصيل | AR18: القدرة على حل المشاكل | AS18: الدقة والاهتمام بالتفاصيل | AT18: القدرة على حل المشاكل
C19: Core Competencies | I19: المهارات الرئيسية | L19: التقييم | M19: متوسط التقييم | AP19: العمالة الفنية - قائد | AQ19: الالتزام بالنظم والقوانين | AR19: المبادرة | AS19: الالتزام بالنظم والقوانين | AT19: المبادرة
A20: 1 | B20: ='صفحة الغلاف'!$H$16 -> الإدارة الوسطى | C20: Knowledge | D20: Excellence | I20: المعرفة | K20: التميز | L20: 3 | M20: =AVERAGE(L20:L21) -> 3 | AP20: العمالة الفنية - قائد | AQ20: التطوير الشخصى | AR20: المعرفة التامة بمنتجات الشركة | AS20: التطوير الشخصى | AT20: المعرفة التامة بمنتجات الشركة
B21: ='صفحة الغلاف'!$H$16 -> الإدارة الوسطى | D21: Success | K21: النجاح | L21: 3 | AP21: العمالة الفنية - قائد | AQ21: الاهتمام بالنتائج | AS21: الاهتمام بالنتائج
A22: 2 | B22: ='صفحة الغلاف'!$H$16 -> الإدارة الوسطى | C22: Attitude | D22: Collaboration and Care | I22: السلوك | K22: التعاون والتراحم | L22: 3 | M22: =AVERAGE(L22:L23) -> 3 | AP22: العمالة الفنية - قائد | AQ22: المهارات الفنية | AS22: المهارات الفنية
B23: ='صفحة الغلاف'!$H$16 -> الإدارة الوسطى | C23: =IF(B23="Top Management",VLOOKUP(B23,AP6:AQ10,2,0),IF(B23="Middle Management",VLOOKUP(B23,AP11:AQ15,2,0),IF(B23="Staff",VLOOKUP(B23,AP16:AQ20,2,0),IF(B23="Blue Collar - lead",VLOOKUP(B23,AP21:AQ25,2,0),IF(B23="Blue Collar - Technicians",VLOOKUP(B23,AP27:AQ31,2,0),0))))) -> 0 | D23: Accountability | K23: تحمل المسؤولية | L23: 3 | AP23: العمالة الفنية - فنيون | AQ23: الدقة والاهتمام بالتفاصيل | AR23: Problem Solving | AT23: القدرة على حل المشاكل
A24: 3 | B24: ='صفحة الغلاف'!$H$16 -> الإدارة الوسطى | C24: Feedback | D24: Respect | I24: تقبل النقد | K24: الاحترام | L24: 3 | M24: =AVERAGE(L24:L25) -> 3 | AP24: العمالة الفنية - فنيون | AQ24: الالتزام بالنظم والقوانين | AR24: Initiative | AT24: المبادرة
D25: Learner Mindset | K25: عقلية التعلم | L25: 3 | AP25: العمالة الفنية - فنيون | AQ25: التطوير الشخصى | AR25: Product Knoweledge | AT25: المعرفة التامة بمنتجات الشركة
C26: Functional Competencies | I26: المهارات الوظيفية | M26: التقييم | AQ26: الاهتمام بالنتائج | AS26: الاهتمام بالنتائج
A27: 4 | B27: ='صفحة الغلاف'!$H$16 -> الإدارة الوسطى | C27: =IF(B27="الإدارة العليا",VLOOKUP(B27,AP3:AR7,3,0),IF(B27="الإدارة الوسطى",VLOOKUP(B27,AP8:AR12,3,0),IF(B27="الموظفون",VLOOKUP(B27,AP13:AR17,3,0),IF(B27="العمالة الفنية",VLOOKUP(B27,AP18:AR22,3,0),IF(B27="العمالة الفنية - فنيون",VLOOKUP(B27,AP23:AR28,3,0),0))))) -> Analysis & Pattern Recognition | I27: =IF(B27="الإدارة العليا",VLOOKUP(B27,AP3:AT7,5,0),IF(B27="الإدارة الوسطى",VLOOKUP(B27,AP8:AT12,5,0),IF(B27="الموظفون",VLOOKUP(B27,AP13:AT17,5,0),IF(B27="العمالة الفنية - قائد",VLOOKUP(B27,AP18:AT22,5,0),IF(B27="العمالة الفنية - فنيون",VLOOKUP(B27,AP23:AT28,5,0),0))))) -> التحليل والتعرف على الأنماط | M27: 3 | AP27: العمالة الفنية - فنيون | AQ27: المهارات الفنية | AS27: المهارات الفنية
A28: 5 | B28: ='صفحة الغلاف'!$H$16 -> الإدارة الوسطى | C28: =IF(B28="الإدارة العليا",VLOOKUP(B28,AP4:AR8,3,0),IF(B28="الإدارة الوسطى",VLOOKUP(B28,AP9:AR13,3,0),IF(B28="الموظفون",VLOOKUP(B28,AP14:AR18,3,0),IF(B28="العمالة الفنية",VLOOKUP(B28,AP19:AR23,3,0),IF(B28="العمالة الفنية - فنيون",VLOOKUP(B28,AP24:AR29,3,0),0))))) -> Delegation & People Management & Development | I28: =IF(B28="الإدارة العليا",VLOOKUP(B28,AP4:AT8,5,0),IF(B28="الإدارة الوسطى",VLOOKUP(B28,AP9:AT13,5,0),IF(B28="الموظفون",VLOOKUP(B28,AP14:AT18,5,0),IF(B28="العمالة الفنية - قائد",VLOOKUP(B28,AP19:AT23,5,0),IF(B28="العمالة الفنية - فنيون",VLOOKUP(B28,AP24:AT29,5,0),0))))) -> تطوير وتفويض وتحفيز العاملين | M28: 3 | AP28: العمالة الفنية - فنيون
A29: 6 | B29: ='صفحة الغلاف'!$H$16 -> الإدارة الوسطى | C29: =IF(B29="الإدارة العليا",VLOOKUP(B29,AP5:AR9,3,0),IF(B29="الإدارة الوسطى",VLOOKUP(B29,AP10:AR14,3,0),IF(B29="الموظفون",VLOOKUP(B29,AP15:AR19,3,0),IF(B29="العمالة الفنية - قائد",VLOOKUP(B29,AP20:AR24,3,0),IF(B29="العمالة الفنية - فنيون",VLOOKUP(B29,AP25:AR30,3,0),0))))) -> Leadership | I29: =IF(B29="الإدارة العليا",VLOOKUP(B29,AP5:AT9,5,0),IF(B29="الإدارة الوسطى",VLOOKUP(B29,AP10:AT14,5,0),IF(B29="الموظفون",VLOOKUP(B29,AP15:AT19,5,0),IF(B29="العمالة الفنية - قائد",VLOOKUP(B29,AP20:AT24,5,0),IF(B29="العمالة الفنية - فنيون",VLOOKUP(B29,AP25:AT30,5,0),0))))) -> القدرات القيادية | M29: 3
A31: ملاحظات إضافية
A32: الموظف | I32: المدير المباشر
A39: الموظف | F39: المسمى الوظيفي | K39: التوقيع | M39: التاريخ
A40: ='صفحة الغلاف'!D6 -> 0 | F40: ='صفحة الغلاف'!D8 -> 0
A41: المدير المباشر | F41: المسمى الوظيفي | K41: التوقيع | M41: التاريخ
A42: ='صفحة الغلاف'!J6 -> 0 | F42: ='صفحة الغلاف'!J8 -> 0

Sheet مراجعة الأداء
A1: مراجعة الأداء
A2: بناءً على الأهداف المتفق عليها في التقييم السابق، ينبغي أن يجري المدير والموظف تقييمًا موضوعيًا ومدروسًا للأداء مقابل كل هدف.
A6: م | B6: الأهداف | E6: المقياس | J6: الوزن النسبي | L6: الدرجة | M6: الدرجة الموزونة | N6: ملاحظات
A7: 1 | B7: ='تحديد الأهداف'!C6 -> xx | E7: ='تحديد الأهداف'!J6 -> xx | J7: ='تحديد الأهداف'!L6 -> 0.2 | L7: 1 | M7: =J7*L7 -> 0.2 | U7: =88%*40% -> 0.352
A8: 2 | B8: ='تحديد الأهداف'!C7 -> xx | E8: ='تحديد الأهداف'!J7 -> xx | J8: ='تحديد الأهداف'!L7 -> 0.2 | L8: 0.9 | M8: =J8*L8 -> 0.18
A9: 3 | B9: ='تحديد الأهداف'!C8 -> 0 | E9: ='تحديد الأهداف'!J8 -> 0 | J9: ='تحديد الأهداف'!L8 -> 0.2 | L9: 0.8 | M9: =J9*L9 -> 0.16
A10: 4 | B10: ='تحديد الأهداف'!C9 -> 0 | E10: ='تحديد الأهداف'!J9 -> 0 | J10: ='تحديد الأهداف'!L9 -> 0.2 | L10: 0.7 | M10: =J10*L10 -> 0.14
A11: 5 | B11: ='تحديد الأهداف'!C10 -> 0 | E11: ='تحديد الأهداف'!J10 -> 0 | J11: ='تحديد الأهداف'!L10 -> 0.05 | L11: 1 | M11: =J11*L11 -> 0.05
A12: 6 | B12: ='تحديد الأهداف'!C11 -> ضمان التنفيذ والمتابعة والتطبيق الفعال لأنظمة وسياسات الصحة والسلامة والبيئة داخل الفرق. | E12: ='تحديد الأهداف'!J11 -> حضور 100% من التدريبات؛ و100% من الاجتماعات؛ و4 ملاحظات سلامة؛ وجولتا سلامة إدارية؛ وإغلاق 100% من إجراءات التدقيق الحرجة و80% من الأخرى؛ وعدم وجود أي إنذارات | J12: ='تحديد الأهداف'!L11 -> 0.1 | L12: 0.9 | M12: =J12*L12 -> 0.09
A13: 7 | B13: ='تحديد الأهداف'!C12 -> التدريب والتوعية وتنفيذ أنظمة وسياسات الالتزام التي تم إطلاقها | E13: ='تحديد الأهداف'!J12 -> اجتياز اختبارات التدريب بدرجة ≥ 85%؛ وعدم وجود أي انتهاكات للسياسات | J13: ='تحديد الأهداف'!L12 -> 0.05 | L13: 0.8 | M13: =J13*L13 -> 0.04
A14: 8 | B14: ='تحديد الأهداف'!AE13 -> 0 | E14: ='تحديد الأهداف'!#REF! -> #REF! | J14: ='تحديد الأهداف'!#REF! -> #REF! | M14: =L14*J14 -> #REF!
A15: الإجمالي | M15: =ROUNDDOWN(SUM(M7:M13),2) -> 0.86
D16: حالة الأداء | M16: =VLOOKUP(M15,'درجات خطة التعاقب'!I:J,2) -> متوسط
A17: الفترة السابقة | M17: ='تحديد الأهداف'!L15 -> 0
A19: تعريف مقياس المهارات | D19: مبتدئ | E19: في طور التطور | H19: كفء | I19: متقدم | J19: خبير
D20: 1 | E20: 2 | H20: 3 | I20: 4 | J20: 5
A22: م | B22: المهارات الرئيسية | H22: المهارات رئيسية للوظيفية | L22: التقييم المطلوب | M22: التقييم الفعلي | N22: ملاحظات
A23: 1 | B23: ='تحديد الأهداف'!C20 -> Knowledge | D23: ='تحديد الأهداف'!D20 -> Excellence | H23: ='تحديد الأهداف'!I20 -> المعرفة | I23: ='تحديد الأهداف'!K20 -> التميز | L23: ='تحديد الأهداف'!L20 -> 3 | M23: 4
D24: ='تحديد الأهداف'!D21 -> Success | I24: ='تحديد الأهداف'!K21 -> النجاح | L24: ='تحديد الأهداف'!L21 -> 3 | M24: 5
A25: 2 | B25: ='تحديد الأهداف'!C22 -> Attitude | D25: ='تحديد الأهداف'!D22 -> Collaboration and Care | H25: ='تحديد الأهداف'!I22 -> السلوك | I25: ='تحديد الأهداف'!K22 -> التعاون والتراحم | L25: ='تحديد الأهداف'!L22 -> 3 | M25: 5
D26: ='تحديد الأهداف'!D23 -> Accountability | I26: ='تحديد الأهداف'!K23 -> تحمل المسؤولية | L26: ='تحديد الأهداف'!L23 -> 3 | M26: 4
A27: 3 | B27: ='تحديد الأهداف'!C24 -> Feedback | D27: ='تحديد الأهداف'!D24 -> Respect | H27: ='تحديد الأهداف'!I24 -> تقبل النقد | I27: ='تحديد الأهداف'!K24 -> الاحترام | L27: ='تحديد الأهداف'!L24 -> 3 | M27: 3
D28: ='تحديد الأهداف'!D25 -> Learner Mindset | I28: ='تحديد الأهداف'!K25 -> عقلية التعلم | L28: ='تحديد الأهداف'!L25 -> 3 | M28: 2
B29: Functional Competencies | H29: المهارات ثانوية للوظيفية | L29: التقييم المطلوب | M29: التقييم الفعلي | N29: ملاحظات
A30: 4 | B30: ='تحديد الأهداف'!C27 -> Analysis & Pattern Recognition | H30: ='تحديد الأهداف'!I27 -> التحليل والتعرف على الأنماط | L30: ='تحديد الأهداف'!M27 -> 3 | M30: 5
A31: 5 | B31: ='تحديد الأهداف'!C28 -> Delegation & People Management & Development | H31: ='تحديد الأهداف'!I28 -> تطوير وتفويض وتحفيز العاملين | L31: ='تحديد الأهداف'!M28 -> 3 | M31: 5
A32: 6 | B32: ='تحديد الأهداف'!C29 -> Leadership | H32: ='تحديد الأهداف'!I29 -> القدرات القيادية | L32: ='تحديد الأهداف'!M29 -> 3 | M32: 5
A33: متوسط تقييم المهارات | M33: =AVERAGE(M23:M28,M30:M32) -> 4.2222222
A34: الدرجة الكلية للتقييم | M34: =M15+(IF(AND(M33>=1,M33<=1.9),"-10%",IF(AND(M33>=2,M33<=2.9),"-5%",IF(AND(M33>=3,M33<=3.9),"0%",IF(AND(M33>=4,M33<=4.9),"5%",IF(AND(M33>=5,M33<=5.9),"10%")))))) -> 0.91
D35: حالة الإمكانات | M35: =VLOOKUP(M33,'درجات خطة التعاقب'!L:M,2) -> مرتفع
C36: حالة تخطيط التعاقب | M36: =VLOOKUP(M35,'درجات خطة التعاقب'!R:S,2,0) -> إمكانات عالية
A37: ملاحظات إضافية عامة
A38: الموظف | J38: المدير المباشر

Sheet درجات خطة التعاقب
D1: الأداء | E1: الإمكانات | F1: مصفوفة الصناديق التسعة | I1: الدرجة | J1: السجل | L1: الدرجة | M1: السجل | Q1: {=_xlfn._xlws.FILTER(D1:F60,D1:D60='مراجعة الأداء'!M16,0)} -> متوسط | R1: مرتفع | S1: إمكانات عالية
D2: مرتفع | E2: مرتفع | F2: أفضل المواهب | I2: 0.6 | J2: منخفض | L2: 2 | M2: منخفض | Q2: متوسط | R2: متوسط | S2: ركيزة أساسية
D3: متوسط | E3: مرتفع | F3: إمكانات عالية | I3: 0.61 | J3: منخفض | L3: 2.1 | M3: منخفض | Q3: متوسط | R3: منخفض | S3: أداء متوسط
D4: منخفض | E4: مرتفع | F4: نجم واعد | I4: 0.62 | J4: منخفض | L4: 2.2 | M4: منخفض
D5: مرتفع | E5: متوسط | F5: عالي الأداء | I5: 0.63 | J5: منخفض | L5: 2.3 | M5: منخفض
D6: متوسط | E6: متوسط | F6: ركيزة أساسية | I6: 0.64 | J6: منخفض | L6: 2.4 | M6: منخفض
D7: منخفض | E7: متوسط | F7: أداء واعد | I7: 0.65 | J7: منخفض | L7: 2.5 | M7: منخفض
D8: مرتفع | E8: منخفض | F8: أداء ثابت | I8: 0.66 | J8: منخفض | L8: 2.6 | M8: منخفض
D9: متوسط | E9: منخفض | F9: أداء متوسط | I9: 0.67 | J9: منخفض | L9: 2.7 | M9: منخفض
D10: منخفض | E10: منخفض | F10: أداء ضعيف | I10: 0.68 | J10: منخفض | L10: 2.8 | M10: منخفض
I11: 0.69 | J11: منخفض | L11: 2.9 | M11: منخفض
I12: 0.7 | J12: منخفض | L12: 3 | M12: متوسط
I13: 0.71 | J13: منخفض | L13: 3.1 | M13: متوسط
I14: 0.72 | J14: منخفض | L14: 3.2 | M14: متوسط
I15: 0.73 | J15: منخفض | L15: 3.3 | M15: متوسط
I16: 0.74 | J16: منخفض | L16: 3.4 | M16: متوسط
I17: 0.75 | J17: منخفض | L17: 3.5 | M17: متوسط
I18: 0.76 | J18: منخفض | L18: 3.6 | M18: متوسط
I19: 0.77 | J19: منخفض | L19: 3.7 | M19: متوسط
I20: 0.78 | J20: منخفض | L20: 3.8 | M20: متوسط
I21: 0.79 | J21: منخفض | L21: 3.9 | M21: متوسط
I22: 0.8 | J22: متوسط | L22: 4 | M22: مرتفع
... I32: 0.9 | J32: مرتفع | L32: 5 | M32: مرتفع
I33: 0.91 | J33: مرتفع
I34: 0.92 | J34: مرتفع
I35: 0.93 | J35: مرتفع
I36: 0.94 | J36: مرتفع
I37: 0.95 | J37: مرتفع
I38: 0.96 | J38: مرتفع
I39: 0.97 | J39: مرتفع
I40: 0.98 | J40: مرتفع
I41: 0.99 | J41: مرتفع
I42: 1 | J42: مرتفع
I43: 1.01 | J43: مرتفع
I44: 1.02 | J44: مرتفع
... I51: 1.09 | J51: مرتفع

Sheet تخطيط التعاقب الوظيفي
A1: مصفوفة الصناديق التسعة - تخطيط التعاقب
G5: الوصف | V5: خطة العمل
A6: الإمكانات / المهارات | B6: مرتفع | C6: 4 - 5 | D6: نجم واعد - إمكانات عالية / أداء منخفض - قدوة في وظيفته الحالية - أداء غير مستقر والتوقعات لم تتحقق بالكامل بعد. | G6: إمكانات عالية - إمكانات عالية / أداء متوسط - يحقق الأهداف غالبًا ويُظهر إمكاناته في المواقف الجديدة والصعبة. - قدوة في وظيفته الحالية - يحقق نتائج استثنائية باستمرار | J6: أفضل المواهب - إمكانات عالية / أداء عالٍ - أداء متجاوز للتوقعات أو استثنائي - قدوة على مستوى المؤسسة - مؤهل للترقية الآن | P6: الإمكانات / المهارات | Q6: مرتفع | R6: 4 - 5 | S6: نجم واعد - وضّح توقعاتك - راقب الأداء لمدة سنة - في حال عدم التحسن: خطة إنهاء الخدمة | V6: إمكانات عالية | Y6: أفضل المواهب جاهز الآن
B12: متوسط | C12: 3 - 3.9 | D12: أداء واعد - إمكانات متوسطة / أداء منخفض - لا يزال جديدًا في دوره الحالي ولا يؤدي جميع المهام بعد - التوقعات لم تتحقق بعد - الأداء غير مستقر أو في تراجع | G12: ركيزة أساسية - إمكانات متوسطة / أداء متوسط - يلبي توقعات الأداء وهناك إمكانات عالية لتحمل مسؤوليات أكبر، ويتكيف سريعًا مع التغيير. - قادر على النمو إلى دور أكثر تعقيدًا - قد يكون مؤهلًا للترقية خارج مستواه الحالي | J12: عالي الأداء - إمكانات متوسطة / أداء عالٍ - أداء قوي يلبي التوقعات أو يتجاوزها باستمرار، ولديه القدرة على النمو إلى دور أكثر تعقيدًا. | Q12: متوسط | R12: 3 - 3.9 | S12: أداء واعد - خطة تدريب وتحسين - متابعة الأداء شهريًا لمدة 6 أشهر إلى سنة - في حال عدم التحسن: خطة إنهاء الخدمة | V12: ركيزة أساسية | Y12: عالي الأداء سنة إلى سنتان للخطوة التالية
B19: منخفض | C19: 2 -2.9 | D19: أداء ضعيف - أداء منخفض / إمكانات منخفضة - لا يلبي توقعات الأداء أو يلبيها جزئيًا - قد لا يكون مناسبًا لدوره الحالي | G19: أداء متوسط - إمكانات منخفضة / أداء منخفض - مناسب لدوره الحالي ويقدم قيمة باستمرار، لكنه قد يفتقر إلى الرغبة في الانتقال لمنصب أعلى. | J19: أداء ثابت - إمكانات منخفضة / أداء عالٍ - يقدم قيمة كبيرة في دوره الحالي لكن من غير المرجح انتقاله إلى مستوى أعلى. | Q19: منخفض | R19: 2 -2.9 | S19: أداء ضعيف خطة إنهاء الخدمة | V19: أداء متوسط - خطة تدريب وتحسين - متابعة الأداء شهريًا لمدة 6 أشهر إلى سنة - في حال عدم التحسن: خطة إنهاء الخدمة | Y19: أداء ثابت - وضّح توقعاتك - راقب الأداء لمدة سنة - في حال عدم التحسن: خطة إنهاء الخدمة
D25: 60 % - 79% | G25: 80% - 89% | J25: 90% فأعلى | S25: 60 % - 79% | V25: 80% - 89% | Y25: 90% فأعلى
D26: منخفض | G26: متوسط | J26: مرتفع | S26: منخفض | V26: متوسط | Y26: مرتفع
D27: الأداء | S27: الأداء
D46: ='مراجعة الأداء'!M36 -> إمكانات عالية | G46: =D46 -> إمكانات عالية | J46: =G46 -> إمكانات عالية
D52: =J46 -> إمكانات عالية | G52: =D52 -> إمكانات عالية | J52: =G52 -> إمكانات عالية
D59: =J52 -> إمكانات عالية | G59: =D59 -> إمكانات عالية | J59: =G59 -> إمكانات عالية

Sheet خطة التطوير
A2: خطة التطوير
A4: التخطيط الوظيفي
A5: قصير المدى | D5: طويل المدى
A12: خطة التعلم والتطوير
A13: مجالات التحسين (إن وجدت) | D13: الإجراء
A20: ملاحظات إضافية
A21: الموظف | D21: المدير المباشر
A28: قسم التدريب والتطوير
A29: العدد | B29: الدورة التدريبية | D29: الجهة أو المصدر | G29: التاريخ المفضل
A30: 1
A31: 2
A32: 3
A33: 4

Sheet تعريف المهارات الرئيسية
D2: مبتدئ | E2: في طور التطور | F2: كفء | G2: متقدم | H2: خبير
B3: المعرفة | C3: التميز. التميز ليس هدفًا بل معيار. نفخر بفهمنا الكامل لمجالات خبرتنا بما ينعكس على تقديم عمل عالي الجودة لعملائنا الداخليين والخارجيين. | D3: يفهم المتطلبات الأساسية للوظيفة. يطلب التوجيه لضمان استيفاء العمل الحد الأدنى من معايير الجودة. | E3: يطبق المعرفة الفنية على المهام باستمرار. يبدأ في اكتشاف أخطائه وتصحيحها قبل التسليم. | F3: يتقن نطاق العمل إتقانًا تامًا. يحقق نتائج عالية الجودة باستقلالية تلبي توقعات العملاء أو تتجاوزها. | G3: يستبق مشكلات الجودة قبل حدوثها. يبسّط العمليات لتحسين الكفاءة دون التضحية بالجودة. | H3: يضع "المعايير الذهبية" للشركة وينتج معرفة جديدة في مجال تخصصه معترف به كخبير متخصص يوجّه الآخرين نحو الإتقان.
C4: النجاح. نجاحنا هو تقديم عمل عالي الجودة يضمن نموًا ماليًا قويًا وتطويرًا مستمرًا لأحدث التقنيات في مجال خبرتنا. | D4: ينجز المهام الموكلة إليه في الوقت المحدد. يدرك كيف يسهم دوره المحدد في أهداف الفريق. | E4: يقترح تحسينات صغيرة لتوفير الوقت أو الموارد. يُظهر وعيًا بالأهداف المالية للشركة. | F4: ينجز أعمالًا تسهم مباشرة في ربحية المشروع أو استمرارية التشغيل التقني. يوازن بين الجودة والسرعة بفاعلية. | G4: يحدد فرصًا جديدة لتوفير التكاليف أو تحقيق الإيرادات. يسهم بفاعلية في التطوير أو التحسين التقني. | H4: يقود مبادرات واسعة النطاق تحقق قيمة كبيرة للمؤسسة. يوائم الابتكار التقني مع الأداء السوقي طويل المدى بما في ذلك إنتاج براءات الاختراع وتسويقها تجاريًا.
B5: السلوك | C5: التعاون والتراحم. التعاون الحقيقي يعني العمل الجماعي الفعّال، ومشاركة المعرفة، واحترام وجهات النظر المختلفة، والاستفادة من نقاط قوة فرقنا المتنوعة. احرص على توجيه الآخرين وإرشادهم. | D5: يشارك في الاجتماعات ويشارك المعلومات عند الطلب. يحافظ على علاقات عمل لائقة ومهذبة. يُظهر وعيًا أساسيًا باحتياجات الآخرين. يشارك في أنشطة بناء الفريق | E5: يبادر بمساعدة زملائه دون أن يُطلب منه. يقر بوجهات النظر المختلفة أثناء النقاشات. يدعم زملاءه في فترات الضغط عند الحاجة. | F5: يشارك المعرفة بفاعلية لمنع احتكار المعلومات وضمان أقصى استفادة. يعمل بفاعلية مع زملاء متنوعين من مختلف الإدارات. يستبق احتياجات زملائه ويقدم الدعم بشكل استباقي. | G5: يحل نزاعات الفريق بشكل بنّاء. يبني جسورًا بين المواقع الدولية لتنسيق الجهود. يُعد قدوة في القيادة الواعية ويوجّه الآخرين ليحذوا حذوه. يبادر بأنشطة بناء الفريق ويدعمها بما يعزز التعاون والمشاركة والروح المعنوية. | H5: يرسّخ ثقافة التآزر الشامل. يستثمر التنوع الكامل للقوى العاملة لحل التحديات المعقدة متعددة الأبعاد. يستبق احتياجات الأفراد والمؤسسة ويتصرف بعناية من خلال قرارات توازن بين الأداء والاستدامة طويلة المدى. يبني فرقًا قوية عالية الأداء من خلال قيادة مبادرات هادفة لبناء الفريق وتعزيز المشاركة والتعاون المستمرين.
C6: تحمل المسؤولية. كل منا مسؤول عن الحفاظ على سمعة كرْم ونجاحها، مع تحمل المسؤولية عن نتائجنا. نبني ثقافة تعتمد على الالتزام بالحوكمة والعمليات، لا على الثقة بين الأفراد. | D6: يتبع التعليمات ويعترف بالأخطاء عند الإشارة إليها. يدرك أهمية سمعة كرْم وحساسيتها. | E6: يتحمل مسؤولية المهام اليومية ويُظهر المستوى المناسب من العناية للتسليم وفق المعايير المتوقعة والمتفق عليها. يقدم تحديثات عن سير العمل دون أن يُطلب منه. | F6: يحمّل نفسه مسؤولية تحقيق مؤشرات الأداء الرئيسية ويبحث باستمرار عن حلول قصيرة وطويلة المدى. يتخذ إجراءً تصحيحيًا فوريًا إذا انحرفت النتائج عن الخطة. | G6: يتحمل مسؤولية نتائج الفريق (حتى وإن لم يكن القائد). يتصرف كحارس لعلامة كرْم أمام الرأي العام | H6: يضع معايير النزاهة المؤسسية من خلال دور فعّال في أنشطة التحسين. يتحمل المسؤولية الكاملة عن المخاطر الاستراتيجية عالية الأهمية وعواقبها
B7: تقبل النقد | C7: الاحترام. نتصرف باحترام ونزاهة وشفافية لا تتزعزع مهما كان السياق أو المكان. | D7: يلتزم بميثاق السلوك المهني لكرْم. يتواصل بصدق مع الزملاء والرؤساء المباشرين. | E7: يُظهر وعيًا بثقافة الشركة وتنوعها. يحافظ على الشفافية حتى عند نقل "الأخبار السيئة" أو الإبلاغ عن الأخطاء. | F7: يواظب على السلوك الأخلاقي لضمان التماسك المؤسسي. يعامل جميع الزملاء، من عمال الموقع إلى التنفيذيين، بكرامة متساوية. | G7: يناصر الشفافية في المواقف الصعبة. يحمي نزاهة كرْم من خلال التنبيه إلى السلوكيات التي تخالف قيم الشركة. | H7: يجسد البوصلة الأخلاقية لكرْم المتمثلة في السياسات والسلوك الاجتماعي. يخلق بيئة يكون فيها الأمان النفسي والشفافية هما القاعدة.
C8: عقلية التعلم. نحن متحمسون للتعلم المستمر من خلال التعامل مع تفاعلاتنا وتجاربنا اليومية كفرص عظيمة للتعلم والتطور واكتساب المعرفة. | D8: منفتح على الملاحظات ومستعد لحضور جلسات التعلم. يُظهر فضولًا تجاه أنشطة كرْم والصناعة والدول التي نعمل بها. يحضر التدريبات المطلوبة عند توجيهه | E8: يطرح أسئلة ثاقبة لتعميق الفهم. يطبق الدروس المستفادة من الأخطاء السابقة على العمل الحالي. يقر بمجالات التحسين عند تلقي الملاحظات ويشارك في فرص التدريب ذات الصلة. | F8: يستفيد من الملاحظات بفاعلية ويسعى للتطوير الذاتي يتابع أحدث اتجاهات الطاقة الشمسية والتغييرات التنظيمية في الدول التي نعمل بها. يحدد بفاعلية فجوات مهاراته، ويطلب الملاحظات، ويطلب التدريب المناسب لتحسين الأداء. | G8: يحوّل التحديات اليومية إلى فرص تعلم للفريق. يتكيف بسرعة مع التقنيات والأسواق والأعمال الجديدة. يقود تطوره الشخصي بشكل استباقي من خلال التقييم المستمر لنقاط القوة والضعف والسعي وراء فرص تعلم موجهة. | H8: يقود ثقافة "التعلم المؤسسي" ويشجع الزملاء على التعلم ويقود بالقدوة. يستبق فجوات المهارات المستقبلية ويبني الأنظمة اللازمة لمعالجتها. يرسّخ عقلية التعلم في العمل اليومي، ويكون نموذجًا للتطوير الذاتي، ويشجع ثقافة التعلم والنمو المستمرين.

Sheet المهارات الوظيفية
B1: المهارة الوظيفية | C1: مهارات الوظيفية
A2: الإدارة العليا | B2: Contribution to Other Functions Development | C2: المساهمة فى تطوير الإدارات الأخرى
B3: Strategic Thinking & Decision Making | C3: التخطيط الاستراتيجى واتخاذ القرار
B4: Budgeting & Forcasting | C4: التخطيط والموازنة
A5: الإدارة الوسطى | B5: Analysis & Pattern Recognition | C5: التحليل والتعرف على الأنماط
B6: Delegation & People Management & Development | C6: تطوير وتفويض وتحفيز العاملين
B7: Leadership | C7: القدرات القيادية
A8: الموظفون | B8: Creativity & Innovation | C8: القدرة على الإبداع والابتكار
B9: Problem Solving | C9: القدرة على حل المشاكل
B10: Initiative | C10: المبادرة
A11: العمالة الفنية | B11: Problem Solving | C11: القدرة على حل المشاكل
B12: Initiative | C12: المبادرة
B13: Product Knoweledge | C13: المعرفة التامة بمنتجات الشركة

Sheet مكتبة المهارات
A2: الدقة والاهتمام بالتفاصيل | B2: الدقة والاهتمام بالتفاصيل | C2: يقيس القدرة على الاهتمام بالتفاصيل، وتقليل الأخطاء، والحفاظ على وضوح المهام والتزامها بالجدول لضمان نتائج خالية من الأخطاء
A3: الالتزام بالنظم والقوانين | B3: الالتزام بالنظم والقوانين | C3: يقيس القدرة على وضع وتطبيق الإرشادات والسياسات والإجراءات لضمان الاتساق وإتاحة التحسين
A4: التطوير الشخصى | B4: التطوير الشخصى | C4: يقيس الرغبة في التطوير الذاتي والخطوات المتخذة لتحقيقه
A5: الاهتمام بالنتائج | B5: الاهتمام بالنتائج | C5: يقيس القدرة على وضع وتحقيق أهداف واضحة، ومتابعة المهام حتى إتمامها، وتحمل مسؤولية حل المشكلات التي قد تهدد الإنجاز
A6: المهارات الفنية | B6: المهارات الفنية | C6: يقيس القدرة على تعلم ودمج واستخدام المعارف والخبرات الجديدة المتعلقة بالعمل للوصول إلى أقصى إمكانات التطوير الذاتي
A7: المساهمة فى تطوير الإدارات الأخرى | B7: المساهمة فى تطوير الإدارات الأخرى | C7: يقيس مدى مساهمة المدير في تحسين وتطوير الإدارات الأخرى / التعاون بين الإدارات
A8: التخطيط الاستراتيجى واتخاذ القرار | B8: التخطيط الاستراتيجى واتخاذ القرار | C8: يقيس القدرة على الاستشراف الواضح للمستقبل بنظرة عمل مستقبلية، وتوقع العواقب والاتجاهات المستقبلية، والتوجه نحو المستقبل، وتصور المؤسسة ككل والعلاقات بين أجزائها المختلفة
A9: التحليل والتعرف على الأنماط | B9: التحليل والتعرف على الأنماط | C9: يقيس القدرة على جمع وفحص المعلومات والحقائق والبيانات، والتعرف على الأنماط، والتعميم من الجزئيات، ودمج البيانات المتفرقة في كلٍّ متماسك
A10: تطوير وتفويض وتحفيز العاملين | B10: تطوير وتفويض وتحفيز العاملين | C10: يقيس كيفية تعامل المدير مع مديري الصف الثاني: التفويض، والتحفيز، ومعدل دوران العمالة، والتدريب...
A11: القدرات القيادية | B11: القدرات القيادية | C11: يقيس القدرة على القيادة / حل المشكلات / تسوية النزاعات / اتخاذ القرارات
A12: القدرة على الإبداع والابتكار | B12: القدرة على الإبداع والابتكار | C12: يقيس قدرة الموظف على توليد أفكار جديدة وتطوير الأفكار القائمة إلى حلول قابلة للتنفيذ، وكذلك القدرة على تطوير أو تحسين الأنظمة القائمة
A13: القدرة على حل المشاكل | B13: القدرة على حل المشاكل | C13: يقيس القدرة على تنظيم وتحليل المعلومات، وتحديد الحلول، وتنفيذ الأنسب منها
... A24: إعداد التقارير | B24: أصدار التقارير فى الوقت المناسب بالكفاءة المطلوبة | C24: أصدار التقارير فى الوقت المناسب بالكفاءة المطلوبة
